Allen 2013,ERG TVA 2011,ERG Camera 2011,Kuo 2012,Ravikumar-Measured only 2020,Bell-2017,Pacsi-2019,Zimmerle-2019
0.00306256,1.8105600E-04,7.2908800E-02,0.032,0.002586218,0.003399198,0.343542677,0.058200279
0.012095866,2.2521600E-04,6.4707200E-02,0.0016,0.087931403,0.006231863,0.311587994,0.000533981
0.037218048,7.2921600E-04,1.1703040E-01,0.0032,0.010344871,0.025493985,0.304851996,0.000540464
0.010695216,5.2953600E-04,7.0080000E-04,0.0016,0.002586218,0.027760117,0.266808352,0.000543985
0.017112346,4.7872000E-02,1.9084800E-02,0.0352,0.002586218,0.03965731,0.196014527,0.00055086
0.168316099,3.2256000E-05,2.9593600E-02,0.0096,0.007758653,0.060052498,0.184816204,0.000543469
0.384368256,2.1824000E-03,6.3660800E-02,0.0016,0.002586218,0.010197594,0.184013113,0.175349389
0.049853328,1.3491200E-02,1.1404800E-01,0.0096,0.087931403,0.009631061,0.181245806,0.000550509
0.01083768,1.9312000E-04,2.6284800E-01,0.0512,0.002586218,0.002266132,0.17956159,0.000542502
0.330084768,4.3308800E-04,7.1808000E-03,0.0064,0.002586218,0.001699599,0.136640056,0.000546142
0.025801926,4.7196800E-04,2.0236800E-02,0.0672,0.002586218,0.001133066,0.119747247,0.00053858
0.065704906,1.0931200E-02,1.7280000E-03,0.0016,0.010344871,0.003399198,0.117692877,0.000537646
0.273103475,6.8748800E-04,1.8720000E-03,0.0016,0.002586218,0.030026249,0.112523331,0.000542874
0.024853216,1.8600960E-03,4.4512000E-02,0.0016,0.002586218,0.002266132,0.107618371,0.012992505
0.007880288,2.1024000E-03,4.4838400E-02,0.0016,0.049138137,0.011897193,0.106710888,0.051359384
0.015457488,3.0995200E-02,4.6464000E-01,0.0016,0.005172435,0.023794386,0.105866691,0.07678369
0.023034688,3.2000000E-04,5.7024000E-01,0.0096,0.002586218,0.010197594,0.099127855,0.024470918
0.0151544,2.2080000E-04,1.7248000E-02,0.0064,0.007758653,0.002266132,0.088573101,0.080512387
0.031012243,9.4873600E-04,1.9334400E-02,0.0016,0.002586218,0.003399198,0.082323508,0.120402637
0.001829894,1.3094400E-02,2.8966400E-02,0.0064,0.002586218,0.007364929,0.07568501,0.107839188
0.001524912,5.8256000E-02,6.1824000E-02,0.0384,0.005172435,0.023794386,0.075590618,0.204843383
0.046357325,1.5528960E-03,5.4880000E-02,0.0016,0.002586218,0.307060887,0.073819765,0.218448152
0.01870016,1.0035200E-02,1.2950400E-01,0.0016,0.002586218,0.003399198,0.070955084,0.364029926
0.01563456,2.1440000E-02,1.4134400E-01,0.0016,0.010344871,0.003399198,0.069482499,0.047425835
0.02207232,1.0598400E-04,4.7833600E-01,0.0016,0.005172435,0.004532264,0.066426287,0.051792077
0.00521152,5.6576000E-03,2.4035200E-01,0.0064,0.002586218,0.027193584,0.063821001,0.08347177
0.00950336,6.4032000E-03,9.6480000E-03,0.0064,0.02327596,0.013596792,0.058004354,0.000541373
0.03188224,7.1136000E-03,5.4278400E-02,0.0032,0.002586218,0.002266132,0.054421358,0.000545359
0.0183936,1.8201600E-02,2.1056000E-01,0.0016,0.002586218,0.001133066,0.052150221,0.000542916
0.0122624,2.3443200E-01,2.6371200E-01,0.0016,0.028448395,0.003399198,0.050367357,0.000559627
0.00950336,1.6896000E-03,3.0576000E-02,0.0016,0.015517306,0.02832665,0.049544086,0.000560871
0.00122624,9.6480000E-03,6.4876800E-02,0.0096,0.002586218,0.004532264,0.046488612,0.00055024
1.54148569,4.4928000E-04,9.5356800E-02,0.0832,0.015517306,0.002266132,0.04613405,0.000537022
0.206170234,2.2220800E-01,2.6352000E-01,0.0064,0.007758653,0.002266132,0.04443537,0.000553515
0.00153128,1.3145600E-04,3.5548800E-01,0.0096,0.095690057,0.002266132,0.042980144,0.142207147
0.004287584,6.7046400E-04,4.4774400E-02,0.0096,0.002586218,0.001133066,0.039318209,0.186282581
0.004900096,1.6640000E-03,2.3552000E-01,0.0016,0.002586218,0.006798396,0.037805285,0.245689486
0.011637728,5.1200000E-03,5.8099200E-02,0.0032,0.025862177,0.004532264,0.03739903,0.000549441
0.261575078,8.0870400E-04,3.3824000E-02,0.0032,0.002586218,0.002266132,0.036928778,0.00054757
0.206539187,1.0598400E-03,1.1923200E-01,0.0064,0.005172435,0.018695589,0.03589248,0.000537901
0.073896506,3.0240000E-03,9.0572800E-02,0.0032,0.005172435,0.037391178,0.035556155,0.000547005
0.008855069,1.2032000E-02,1.6128000E-01,0.0192,0.007758653,0.005098797,0.032591624,0.000538655
0.007939027,1.3216000E-03,2.2297600E-01,0.0016,0.002586218,0.002266132,0.032150075,0.000541674
0.001526736,4.9088000E-03,2.4416000E-01,0.0192,0.002586218,0.002266132,0.029259281,0.000553363
0.001832083,1.5676800E-04,8.9936000E-01,0.0032,0.002586218,0.004532264,0.028932057,0.000547701
0.00763368,2.7600000E-02,3.8272000E-02,0.0016,0.015517306,0.003965731,0.028644909,0.011976861
0.004885555,9.9200000E-04,7.1680000E-02,0.0016,0.002586218,0.409036828,0.028323432,0.018706327
0.062596176,5.2192000E-02,6.3008000E-02,0.0096,0.007758653,0.206218013,0.028188319,0.044730755
0.00306256,6.8448000E-03,6.4259200E-02,0.0352,0.002586218,0.003965731,0.028051178,0.085966063
0.002143792,1.9431680E-01,1.2499200E-01,0.0032,0.002586218,0.036824645,0.026836038,0.100288633
0.00306256,1.4560000E-03,1.5471360E-01,0.0016,0.059483008,0.001699599,0.024722553,0.246959146
0.002143792,4.1113600E-02,3.4003200E-01,0.0256,0.005172435,0.06798396,0.023126477,0.000544482
0.01071896,5.9136000E-05,6.8198400E-01,0.0016,0.002586218,0.376177914,0.02306105,0.000548427
0.00153128,7.8400000E-06,7.3728000E-03,0.0016,0.005172435,0.001699599,0.022056482,0.000549628
0.00153128,4.7872000E-05,1.7740800E-02,0.0016,0.012931089,0.001133066,0.021489131,0.000548073
0.001225024,1.6864000E-05,2.2195200E-02,0.0016,0.067241661,0.065717828,0.020930979,0.000539309
0.048694704,1.5235200E-04,2.9475200E-02,0.0032,0.012931089,0.006231863,0.019763275,0.0005422
0.00457296,8.2656000E-04,3.9072000E-02,0.0016,0.018103524,0.921749195,0.019516536,0.000548099
0.000610336,1.6339200E-03,2.9267200E-02,0.0016,0.012931089,0.054953701,0.018032375,0.009550228
0.008789552,1.9456000E-03,1.0700800E-01,0.0064,0.002586218,0.053820635,0.017709617,0.011036572
0.032430416,7.3472000E-03,8.8883200E-02,0.0192,0.002586218,0.052121036,0.0176904,0.000539321
0.029399536,2.4710400E-02,9.6665600E-02,0.0016,0.007758653,0.049854904,0.017690138,0.000546874
0.111536384,3.2012800E-04,1.7607040E-01,0.1376,0.007758653,0.048721838,0.017654548,0.000540542
0.156323222,3.4201600E-04,2.2732800E-01,0.0016,0.007758653,0.019262122,0.016456468,0.000549207
0.243689494,4.3520000E-05,4.3756800E-01,0.0016,0.002586218,0.007364929,0.015218544,0.000539709
0.072399981,1.6128000E-04,5.3139200E-01,0.0016,0.002586218,0.054387168,0.014095021,0.000544009
0.003508992,1.5859200E-04,1.1306880E+00,0.0016,0.002586218,0.033425447,0.013680462,0.000540258
0.00153128,8.5248000E-04,2.4768000E-01,0.0016,0.002586218,0.003965731,0.013610108,0.000538016
0.00153128,1.7190400E-03,1.7920000E-03,0.1024,0.005172435,0.02266132,0.01301187,0.000552246
0.00153128,6.5720000E-01,4.1187200E-02,0.0128,0.002586218,0.00566533,0.011813365,0.000549557
0.026950528,3.2000000E-04,4.8521600E-02,0.0016,0.043965702,0.018129056,0.011588697,0.001206122
0.067588624,1.3737600E-04,3.8454400E-01,0.0016,0.002586218,0.012463726,0.011513136,0.001783935
0.002121616,3.7120000E-03,6.7750400E-01,0.0064,0.002586218,0.098576742,0.011473836,0.000546831
0.639818768,2.0298240E-03,7.9872000E-03,0.0016,0.062069226,0.012833943,0.01092317,0.000558901
0.057283632,4.6368000E-04,3.2640000E-02,0.0992,0.005172435,0.064169713,0.010443718,0.000557071
0.102746832,7.9424000E-04,3.1529600E-02,0.3456,0.010344871,0.006416971,0.010252012,0.0005499
0.014548224,5.7120000E-03,3.4736000E-02,0.0128,0.002586218,0.083420626,0.010144036,0.000557786
0.016972928,7.0876800E-02,3.9648000E-02,0.0016,0.002586218,0.006416971,0.009977249,0.031957289
0.003665318,1.2640000E-01,3.6672000E-02,0.0016,0.002586218,0.003208486,0.009733687,0.000552218
0.026509805,1.7328000E-04,7.8566400E-02,0.0016,0.002586218,0.003208486,0.009599167,0.000538621
0.002421222,2.6208000E-03,7.5513600E-02,0.0016,0.155173065,0.009625457,0.009160832,0.001327914
0.051664166,1.0192000E-02,8.3846400E-02,0.0016,0.002586218,0.006416971,0.008848479,0.00437011
0.004712992,2.2656000E-04,9.5648000E-02,0.0032,0.002586218,0.006416971,0.008532402,0.006385563
0.050988749,1.5680000E-04,9.7344000E-02,0.0672,0.028448395,0.035293342,0.0084819,0.007308837
0.04799423,7.4880000E-04,1.7264000E-01,0.0032,0.002586218,0.019250914,0.008060853,0.012964635
0.00395992,4.5408000E-03,1.4813440E-01,0.0016,0.033620831,0.003208486,0.007814857,0.000557642
0.30142911,2.1331200E-02,1.5680000E-01,0.016,0.002586218,0.003208486,0.007747639,0.00055488
0.040232787,4.5696000E-04,1.1187200E-01,0.1856,0.010344871,0.003208486,0.0074635,0.000537841
0.005134147,2.5920000E-05,2.7200000E-01,0.0016,0.015517306,0.003208486,0.006845024,0.000541399
0.023388893,1.4608000E-04,2.6864000E-01,0.0016,0.02327596,0.025667885,0.006761673,0.000545399
0.057426387,1.1200000E-03,2.7809280E-01,,0.007758653,0.048127284,0.00668945,0.000542066
0.088692944,3.5640640E-01,3.0240000E-01,,0.005172435,0.006416971,0.005760507,0.000548894
0.01524,4.9280000E-04,3.0028800E-01,,0.018103524,0.137964882,0.005613926,0.000538968
0.0064008,1.7049600E-03,3.3171200E-01,,0.005172435,0.016042428,0.005015323,0.000543828
0.001524,3.7440000E-03,3.4720000E-01,,0.015517306,0.003208486,0.004985385,0.001090499
0.01841376,6.9600000E-03,4.5667200E-01,,0.005172435,0.012833943,0.004965949,0.012037471
0.006751712,3.8912000E-03,8.8512000E-01,,0.002586218,0.009625457,0.004873079,0.025122001
0.002762064,8.1600000E-04,3.2000000E-04,,0.002586218,0.006416971,0.00472184,0.059931707
0.003953456,1.0423040E-01,2.4416000E-02,,0.02327596,0.006416971,0.004710749,0.047597803
0.029242368,5.6576000E-05,3.6697600E-02,,0.012931089,0.080212141,0.004553619,0.004121082
0.005787552,4.8620800E-04,5.1027200E-01,,0.007758653,0.012833943,0.004544831,0.005678325
0.004264512,2.8288000E-03,1.9145664E+00,,0.002586218,0.141173368,0.00425135,0.025373957
0.006396768,2.7456000E-03,8.7040000E-04,,0.005172435,0.035293342,0.004230784,0.05508571
0.088031712,4.0128000E-03,6.7379200E-02,,0.007758653,0.006416971,0.00414915,0.054810484
0.003655296,4.2240000E-03,4.2656000E-01,,0.007758653,0.022459399,0.004042026,0.000182747
0.0609216,7.0560000E-03,1.5014400E-01,,0.002586218,0.012833943,0.004038148,0.020446718
0.075542784,3.4304000E-03,2.0160000E-02,,0.036207048,,0.003908703,0.082194373
0.034421094,2.2720000E-04,3.2716800E-02,,0.005172435,,0.003842859,0.008228025
0.004897536,4.6080000E-04,4.4598400E-01,,0.750003147,,0.003739275,0.085447124
0.003367056,6.5856000E-04,1.6576000E-03,,0.581898993,,0.003719436,0.022230974
0.009795072,4.0627200E-02,6.2496000E-03,,0.002586218,,0.003580248,0.000550649
0.013414579,1.5424800E-04,2.8224000E-02,,0.046551919,,0.003579958,0.00279705
0.007317043,8.5120000E-04,9.5257600E-02,,0.051724355,,0.003005133,0.028019366
0.105730752,4.4992000E-03,1.4601600E-01,,0.010344871,,0.00286046,0.034780918
0.017621792,1.6557440E-03,1.4470400E-01,,0.012931089,,0.002745839,0.179480632
0.028750982,4.8640000E-03,1.6464000E-01,,0.020689742,,0.002610949,0.220856188
0.1215104,2.9120000E-03,2.0275200E-01,,0.025862177,,0.002588882,0.004037039
0.01767424,2.9427200E-04,2.2780800E-02,,0.012931089,,0.002588882,0.027585678
0.066206429,8.3448320E-05,6.4448000E-04,,0.002586218,,0.002562454,0.049240144
0.003710685,1.4414400E-03,2.7328000E-02,,0.002586218,,0.002533185,0.122441236
0.042184627,1.2896000E-03,4.9177600E-02,,0.033620831,,0.002474666,0.00054028
0.016209834,7.1744000E-03,2.4332160E-01,,0.002586218,,0.002467052,0.000550977
0.002929488,1.4540800E-02,1.1088000E-01,,0.002586218,,0.002447801,0.000529204
0.00722607,4.2496000E-04,1.4277120E-01,,0.002586218,,0.002323558,0.000525729
0.001171795,2.3846400E-04,2.3040000E-03,,0.015517306,,0.002322972,0.007872035
0.098495795,7.9520000E-04,5.2224000E-02,,0.025862177,,0.002284629,0.012610515
0.013460902,2.9548800E-02,1.9008000E-03,,0.007758653,,0.002248958,0.060655273
0.01560241,3.9628800E-02,8.4691200E-02,,0.012931089,,0.002141491,0.065076431
0.042000134,2.9913600E-05,1.6016000E-01,,0.002586218,,0.002012728,0.07397088
0.053565389,1.1125760E-03,1.5360000E-01,,0.036207048,,0.001962141,0.082863754
0.00243479,2.7632000E-02,1.0150400E-01,,0.002586218,,0.001880381,0.082006982
0.209609968,1.6000000E-02,1.0490240E-01,,0.007758653,,0.001847373,0.089208355
0.093296384,1.9584000E-03,1.8000000E-01,,0.018103524,,0.001815983,0.094449604
0.003989648,1.0080000E-02,5.4528000E-03,,0.005172435,,0.001808059,0.088980035
0.018720656,5.2224000E-04,3.4496000E-02,,0.012931089,,0.001781498,0.174754058
0.081020544,3.7519360E-03,4.8787200E-01,,0.002586218,,0.001745383,0.179478729
0.099652173,3.1923200E-04,4.6054400E-01,,0.005172435,,0.001735737,0.305864859
0.091140218,1.9852800E-04,1.7203200E-02,,0.005172435,,0.001719446,0.285489742
0.044348192,1.0839040E-03,2.6432000E-03,,0.005172435,,0.001703078,0.371854609
0.642895859,2.7040000E-03,4.9728000E-02,,0.020689742,,0.001700667,0.000540847
0.024605379,2.5942400E-04,1.4112000E-01,,0.028448395,,0.001687522,0.001480042
0.002357402,6.4768000E-04,4.6310400E-02,,0.007758653,,0.001639307,0.001525954
0.02887817,1.9443200E-05,1.1087360E-01,,0.043965702,,0.001630847,0.002423134
0.005156816,8.7840000E-05,3.4560000E-03,,0.005172435,,0.001624493,0.00863284
0.254078669,1.3315200E-04,1.3859200E-02,,0.007758653,,0.001615199,0.010731784
0.04473216,2.1952000E-04,2.1600000E-02,,0.025862177,,0.001609965,0.024949364
0.025565299,7.8400000E-05,3.4278400E-02,,0.002586218,,0.001591092,0.031651526
0.07932503,2.3680000E-03,7.7465600E-02,,0.002586218,,0.001566984,0.035072185
0.037873229,3.2000000E-04,8.8704000E-03,,0.007758653,,0.001531665,0.044351393
0.224939648,2.8172800E-04,2.6188800E-02,,0.005172435,,0.00149777,0.086300524
0.000304323,2.7968000E-03,6.2400000E-02,,0.002586218,,0.001471629,0.035129238
0.095253162,2.3552000E-03,4.9152000E-03,,0.002586218,,0.001470555,0.151777326
0.008351053,1.0828800E-02,8.7091200E-02,,0.072414097,,0.001469658,0.001487278
0.228172314,2.4166400E-02,9.3392000E-02,,0.005172435,,0.001452976,0.010393605
0.054319459,1.4784000E-04,5.0688000E-03,,0.002586218,,0.001450376,0.111175371
0.18987049,1.5936000E-04,1.5680000E-01,,0.033620831,,0.001443441,0.000546198
0.106217731,3.2000000E-04,2.4000000E-03,,0.012931089,,0.001428561,0.000546705
0.020087021,3.2000000E-04,8.0640000E-03,,0.002586218,,0.001405885,0.000547987
0.066348038,3.2000000E-04,2.6560000E-02,,0.043965702,,0.00138321,0.000544188
0.011669504,7.5072000E-05,4.6771200E-02,,0.010344871,,0.00138321,0.000545167
0.014798899,1.4200000E-04,5.3260800E-02,,0.044463051,,0.001364936,0.00054246
0.0018336,1.9840000E-04,1.6383360E-01,,0.028448395,,0.001349839,0.000547006
0.0773168,1.6000000E-04,2.5600000E-02,,0.007758653,,0.001349839,0.000556016
0.0192528,3.2208000E-04,1.1315200E-02,,0.012931089,,0.00133348,0.000537789
0.426446592,1.7942400E-02,5.7024000E-03,,0.010344871,,0.001279212,0.000534276
0.159842918,3.3964800E-02,5.2019200E-02,,0.007758653,,0.001272977,0.011511146
0.013717862,1.0848000E-04,8.7603200E-02,,0.349139396,,0.001272398,0.000925404
0.000660301,1.4515200E-04,1.1041600E-01,,0.010344871,,0.001265058,0.001448528
0.006603008,4.3424000E-03,1.1249280E-01,,0.010344871,,0.001247674,0.00093234
0.003961805,6.0433920E-03,1.9760000E-01,,0.064655444,,0.001247674,0.032535394
0.063388877,6.7576320E-05,2.7244800E-01,,0.002586218,,0.001244581,0.044649635
0.004838451,1.6704000E-02,3.5251200E-01,,0.002586218,,0.001243273,0.047529074
0.00181609,2.6880000E-04,1.5040000E-04,,0.002586218,,0.001243273,0.070557517
0.057509504,2.0160000E-03,5.6000000E-03,,0.082758968,,0.001235331,0.075052124
0.06575048,5.8080000E-05,1.0224000E-02,,0.002586218,,0.001235131,0.088059716
0.02095976,1.0881920E-03,1.0320000E-01,,0.018103524,,0.001225912,0.010409185
0.00890072,3.1616000E-03,2.7040000E-02,,0.002586218,,0.001225912,0.001026149
0.01349464,4.3097600E-02,5.6851200E-02,,0.002586218,,0.001220744,0.011981146
0.03043472,2.6880000E-05,2.6400000E-01,,0.054310573,,0.001192629,0.020635077
0.01837568,7.3600000E-05,1.2812800E+00,,0.005172435,,0.001182388,0.047244699
0.01550448,1.3376000E-03,7.3728000E-03,,0.002586218,,0.001172611,0.07216266
0.02986048,4.7616000E-03,1.2896000E-02,,0.005172435,,0.00116474,0.07663624
0.0244052,4.6800000E-04,1.0233600E-01,,0.002586218,,0.001156624,0.082621375
0.01263328,9.0112000E-03,3.2157120E-01,,0.005172435,,0.001156454,0.0935047
0.0186628,4.1600000E-04,1.6896000E-02,,0.043965702,,0.001155933,0.114685683
0.0387612,1.3536000E-03,4.9056000E-02,,0.20689742,,0.001154844,0.45290144
0.00200984,2.5593600E-02,1.6848000E-01,,0.05689679,,0.001154844,0.620884968
0.00028712,9.2160000E-05,2.2769280E-01,,0.002586218,,0.001154468,0.00054819
0.039819341,3.9744000E-03,2.5459200E-01,,0.002586218,,0.001154468,0.0005428
0.04147848,1.1468800E-02,2.2080000E-03,,0.010344871,,0.001148028,0.068691864
0.023965344,1.7600000E-04,3.8912000E-03,,0.015517306,,0.001145622,0.075392277
0.011680653,4.1600000E-04,4.4352000E-03,,0.002586218,,0.001144583,0.103919429
0.012791251,4.1664000E-04,3.9884800E-02,,0.002586218,,0.001137585,0.019673731
0.014618573,1.0368000E-04,6.1900800E-02,,0.005172435,,0.001137585,0.113307633
0.020709645,3.6704000E-04,1.1285120E-01,,0.007758653,,0.001137077,0.00478278
0.008527501,9.2160000E-04,1.2160000E-01,,0.256035557,,0.001128152,0.021298954
0.011573037,1.5552000E-03,1.4327040E-01,,0.007758653,,0.001120123,0.026362205
0.013095805,1.0944000E-02,1.2881920E-01,,0.007758653,,0.001120123,0.039082715
0.107272768,2.9260800E-04,3.2000000E-04,,0.020689742,,0.001119311,0.059079025
0.002437658,2.2080000E-03,3.2000000E-04,,0.002586218,,0.001119311,0.095984778
0.005180022,5.8150400E-04,2.4240000E-02,,0.002586218,,0.001116035,0.10228001
0.006398851,2.0160000E-03,7.6128000E-03,,0.067241661,,0.001112523,0.131145223
0.004882944,5.8486400E-02,2.3584000E-01,,0.028448395,,0.001112523,0.297479044
0.007934784,3.6441600E-02,6.4615680E-01,,0.010344871,,0.001108779,0.000735159
0.0076296,4.4531200E-02,3.1200000E-03,,0.062069226,,0.001102343,0.000837593
0.04882944,3.4663040E-03,9.6480000E-03,,0.483622719,,0.001095595,0.00089115
0.008850336,1.0752000E-03,5.4272000E-03,,0.059483008,,0.001084564,0.001665648
0.310982496,3.2160000E-03,1.6131200E-02,,0.005172435,,0.001083322,0.00149497
0.002177968,4.1387520E-03,2.7228800E-02,,0.168104154,,0.001067268,0.00233094
0.003985472,1.2096000E-04,3.1680000E-02,,0.012931089,,0.00106601,0.006076455
0.002096717,5.8528000E-03,6.3692800E-02,,0.018103524,,0.001058855,0.007723959
0.001572538,9.1744000E-03,6.9043200E-02,,0.072414097,,0.001057816,0.99649954
0.010594854,5.5798400E-02,6.8947200E-02,,0.007758653,,0.001056538,0.005457321
0.012632326,6.1062400E-02,8.8473600E-02,,0.025862177,,0.001048243,0.013482746
0.001833725,1.1271680E-01,1.1558400E-01,,0.002586218,,0.001043076,0.022652314
0.002648714,1.2990720E-01,5.2192000E-02,,0.069827879,,0.001034294,0.017912144
0.058271699,3.5816960E-01,7.2576000E-02,,0.005172435,,0.001030476,0.035942279
0.02180095,2.1488000E-04,4.2432000E-02,,0.018103524,,0.001030476,0.06021722
0.01187759,3.9430400E-04,5.4886400E-02,,0.018103524,,0.00103014,0.073910024
0.016750448,9.3536000E-04,5.8752000E-02,,0.002586218,,0.001019361,0.085568152
0.010659376,1.9712000E-03,8.5196800E-02,,0.002586218,,0.001019361,0.0030663
0.010354822,2.0480000E-03,1.1097600E-02,,0.002586218,,0.001004524,0.0030663
0.013704912,1.9968000E-03,1.6262400E-02,,0.002586218,,0.001004524,0.009223002
0.02710527,2.4960000E-03,4.3939200E-02,,0.007758653,,0.000977885,0.024755362
0.006700179,2.3184000E-03,6.6969600E-02,,0.038793266,,0.000977176,0.037325871
0.008222947,3.5040000E-02,1.4238720E-01,,0.147414412,,0.000974623,0.096750674
0.011786861,1.2249600E-04,1.3648320E-01,,0.002586218,,0.000970577,0.104136967
0.011786861,5.0976000E-04,9.9840000E-04,,0.002586218,,0.000969871,0.066205504
0.011754538,2.1216000E-03,2.1220480E-03,,0.002586218,,0.000959409,0.063459113
0.018385302,4.9312000E-03,1.9302400E-02,,0.015517306,,0.000955636,0.000756674
0.017481107,2.3628800E-04,5.4208000E-02,,0.002586218,,0.000947827,0.000548518
0.044908362,1.1243520E-03,7.5264000E-02,,0.002586218,,0.000941642,0.001340717
0.014467123,3.0464000E-03,1.1141120E-01,,0.093103839,,0.000929943,0.00154968
0.02613865,6.9120000E-03,3.7088000E-02,,0.007758653,,0.000896897,0.009220892
0.033410304,3.1852800E-02,6.6355200E-02,,0.002586218,,0.000888342,0.009387804
0.033803366,9.3446400E-02,1.3910400E-01,,0.046551919,,0.000888342,0.009689166
0.002028224,4.6080000E-05,2.1107200E-01,,0.018103524,,0.000847569,0.011226805
0.023121754,1.2864000E-03,5.7600000E-04,,0.002586218,,0.000833342,0.045233868
0.044620928,1.9296000E-03,2.7360000E-02,,0.05689679,,0.000817274,0.069646957
0.032045939,2.0800000E-03,5.3430400E-02,,0.049138137,,0.000794653,0.614412212
0.031031827,7.0752000E-03,1.1654400E-01,,0.015517306,,0.000792403,0.00739914
0.039517088,1.7152000E-04,1.6358400E-01,,0.002586218,,0.000782308,0.463226674
0.005167619,4.7360000E-05,8.8064000E-02,,0.025862177,,0.000779338,0.021581866
0.002127843,7.9872000E-04,2.2560000E-01,,0.002586218,,0.000762492,0.038634347
0.038909133,1.1008000E-03,2.3680000E-01,,0.010344871,,0.000739469,0.000545745
0.021278432,6.9440000E-03,2.7564800E-01,,0.002586218,,0.000735455,0.000545286
0.0229764,1.4416000E-02,3.4336000E-01,,0.002586218,,0.000731994,0.000620391
0.007352448,2.8300800E-04,6.5977600E-01,,0.018103524,,0.000718432,0.003129382
0.012560432,1.5612800E-01,1.7029440E+00,,0.007758653,,0.00071504,0.008804774
0.01225408,1.9008000E-04,3.2000000E-04,,0.002586218,,0.000661915,0.000533769
0.03369872,6.3488000E-04,1.6451200E-02,,0.005172435,,0.000640059,0.000517295
0.004548768,6.7123200E-04,3.3408000E-02,,0.002586218,,0.000638834,0.000556647
0.024922579,2.2400000E-03,6.1107200E-02,,0.002586218,,0.000630335,0.00239524
0.003070173,1.3632000E-02,6.8016000E-02,,0.025862177,,0.000611928,0.009154948
0.001519171,1.0183680E-03,2.0563200E-01,,0.002586218,,0.000571481,0.095031967
0.000675187,2.3664000E-04,2.7872000E-01,,0.002586218,,0.000566358,0.006331909
0.005739091,8.0256000E-03,5.6083200E-01,,0.002586218,,0.000560131,0.000538455
0.001350374,1.0496000E-04,1.4950400E-02,,0.005172435,,0.000546148,0.000549693
0.000515981,5.3248000E-04,1.9555200E-02,,0.041379484,,0.000526648,0.091976396
0.000171994,6.7424000E-03,1.6809600E-02,,0.002586218,,0.000421292,0.003117575
0.000859968,2.6853120E-03,1.3273600E-02,,0.002586218,,0.00039376,0.002678073
0.000886032,1.5872000E-04,1.0905600E-02,,0.005172435,,0.000393677,0.007649079
0.000708826,3.3264000E-04,1.4160000E-02,,0.002586218,,0.000388114,0.043370781
0.001594858,5.1824000E-04,2.1888000E-02,,0.012931089,,0.000378638,0.000835716
0.010634198,9.3808000E-04,2.1456000E-02,,0.007758653,,0.000350569,0.000871975
0.001350374,4.4928000E-05,2.9760000E-02,,0.002586218,,0.000341562,0.00961935
0.046756714,2.1120000E-04,3.9731200E-02,,0.002586218,,0.000338778,1.159837663
0.017554867,3.8528000E-04,4.4870400E-02,,0.002586218,,0.000335965,0.000543265
0.020255616,5.8528000E-03,8.5312000E-02,,0.002586218,,0.000331659,0.000540718
0.001350374,8.6016000E-03,1.8163200E-01,,0.002586218,,0.000253343,0.010509854
0.001519171,9.2160000E-03,1.8928000E-01,,0.002586218,,0.00022308,0.021754035
0.000843984,1.3708800E-02,4.0345600E-01,,0.012931089,,0.000215322,0.020837153
0.010802995,3.6454400E-02,1.2041600E-02,,0.002586218,,0.000207103,0.079657534
0.00472631,1.9296000E-03,1.8972800E-01,,0.002586218,,0.000203997,0.000552242
0.03426575,1.1200000E-05,3.7644800E-02,,0.064655444,,0.000183066,0.000538585
0.003038342,1.5456000E-04,2.2963200E-02,,0.007758653,,0.000180332,0.0005407
0.011984573,1.6128000E-04,5.7305600E-02,,0.002586218,,0.000164484,0.000547135
0.003375936,4.0000000E-04,5.5705600E-01,,0.002586218,,0.000127918,0.001498236
0.007089466,1.4080000E-03,7.1040000E-03,,0.015517306,,0.000126191,0.00204419
0.007535232,8.1696000E-02,1.3593600E-02,,0.002586218,,0.000126151,0.006508533
0.003544733,2.1760000E-03,3.2665600E-01,,0.062069226,,0.000121147,0.00901888
0.026332301,8.0512000E-03,3.2000000E-05,,0.002586218,,0.000118491,0.012393512
0.002194358,4.7187200E-04,6.8160000E-05,,0.002586218,,0.000117325,0.013130964
0.000843984,9.2160000E-03,8.0512000E-03,,0.020689742,,0.000112178,0.013658794
0.001687968,1.6732800E-02,1.2688000E-02,,0.002586218,,0.000106944,0.016793986
0.003375936,4.6953600E-02,2.5344000E-02,,0.002586218,,0.000102455,0.017075287
0.001012781,6.5196800E-02,2.9721600E-02,,0.031034613,,0.000102018,0.028575326
0.000349997,7.4144000E-01,3.1136000E-02,,0.005172435,,9.9433E-05,0.180040837
0.001224989,8.9600000E-04,2.9232000E-02,,0.002586218,,9.81998E-05,0.001919548
0.006076685,1.5030400E-03,4.5248000E-02,,0.005172435,,9.77675E-05,0.003044277
0.000537149,6.0652800E-02,5.4662400E-02,,0.002586218,,9.73112E-05,0.422531775
0.010802995,9.5904000E-02,4.8576000E-02,,0.005172435,,9.59211E-05,0.001467629
0.001181578,1.1040000E-05,6.8844800E-02,,0.002586218,,9.52604E-05,0.001362584
0.001012781,1.4160640E-03,8.3072000E-02,,0.002586218,,9.44716E-05,0.00983419
0.009283824,2.5344000E-03,1.2077760E-01,,0.007758653,,9.31408E-05,0.019365708
0.005063904,2.2880000E-03,1.2101760E-01,,0.018103524,,9.31408E-05,0.133130415
0.030989203,9.4080000E-03,1.1232000E-01,,0.038793266,,9.03118E-05,0.002576152
0.032090342,9.6326400E-04,3.0850560E-01,,0.007758653,,8.78375E-05,0.010909408
0.008809114,1.8691200E-02,7.3726400E-01,,0.020689742,,8.66004E-05,0.013100342
0.000943834,3.1808000E-02,3.2000000E-04,,0.005172435,,8.48807E-05,0.020064763
0.002303683,3.4720000E-04,9.6768000E-03,,0.002586218,,8.46564E-05,0.032899205
0.000177206,3.3792000E-03,2.5673600E-02,,0.062069226,,8.09791E-05,0.032576654
0.071768592,2.0800000E-05,5.9769600E-02,,0.015517306,,8.04173E-05,0.066139686
,5.3964800E-02,7.8400000E-02,,0.002586218,,7.79404E-05,0.000547068
,4.1481600E-04,7.8771200E-02,,0.002586218,,7.79338E-05,0.000550981
,1.8176000E-03,3.7939200E-01,,0.007758653,,7.78389E-05,0.000551819
,4.9984000E-03,6.9264000E-01,,0.002586218,,7.64217E-05,0.000542329
,1.4483200E-02,2.0544000E-02,,0.002586218,,7.05353E-05,0.000535064
,2.9760000E-03,2.6832000E-02,,0.002586218,,6.87066E-05,0.000540865
,2.9952000E-02,1.8474240E-01,,0.002586218,,6.77443E-05,0.000545505
,3.4816000E-05,2.9675520E-01,,0.007758653,,6.64757E-05,0.000535767
,2.3808000E-03,3.2947200E-02,,0.002586218,,6.6258E-05,0.000538065
,4.8576000E-03,4.1600000E-04,,0.012931089,,6.55689E-05,0.000547378
,1.4560000E-02,1.7920000E-02,,0.012931089,,6.28904E-05,0.000544063
,1.2697600E-02,2.1120000E-02,,0.002586218,,6.22893E-05,0.000538055
,1.8577920E-03,8.8099200E-02,,0.002586218,,6.22236E-05,0.000537119
,1.0483200E-02,1.1880960E-01,,0.020689742,,5.93831E-05,0.000537552
,6.6304000E-03,2.1312000E-01,,0.031034613,,4.70519E-05,0.00054471
,5.7779200E-04,2.7840000E-03,,0.002586218,,2.46877E-05,0.000555132
,7.3526400E-04,1.1424000E-02,,0.015517306,,,0.000547275
,1.5360000E-03,1.6128000E-02,,0.002586218,,,0.000548873
,5.7600000E-03,2.0592000E-02,,0.018103524,,,0.000537245
,1.1088000E-02,6.0902400E-02,,0.002586218,,,0.000538074
,3.5046400E-02,6.2380800E-02,,0.002586218,,,0.000537871
,1.1329600E-01,1.6320000E-01,,0.002586218,,,0.000554506
,1.4131200E-04,8.7232000E-03,,0.007758653,,,0.000533771
,1.8368000E-05,5.5091200E-02,,0.002586218,,,0.000543857
,4.9612800E-04,1.0035200E-01,,0.002586218,,,0.000534116
,9.4208000E-04,1.0118400E-01,,0.002586218,,,0.000547835
,1.1090560E-03,1.4640000E-01,,0.002586218,,,0.000541821
,7.7248000E-02,1.5715520E-01,,0.012931089,,,0.000541762
,2.2560000E-03,2.8089600E-01,,0.002586218,,,0.00053974
,3.0912000E-03,7.6780800E-02,,0.002586218,,,0.00055093
,7.8144000E-04,1.1520000E-03,,0.002586218,,,0.000555985
,1.0423680E-03,3.9625600E-02,,0.028448395,,,0.000542795
,1.4144000E-02,6.6144000E-02,,0.025862177,,,0.000660927
,3.2000000E-04,4.3212800E-02,,0.007758653,,,0.00072086
,3.2000000E-04,3.3964800E-02,,0.002586218,,,0.001014399
,3.2000000E-04,5.6083200E-02,,0.005172435,,,0.001058865
,3.2000000E-04,1.0484160E-01,,0.005172435,,,0.001439868
,3.2000000E-04,2.5600000E-02,,0.002586218,,,0.001049647
,3.2000000E-04,6.9632000E-02,,0.002586218,,,0.00178108
,3.2000000E-04,4.3456000E-01,,0.018103524,,,0.006240781
,2.2080000E-04,9.5040000E-03,,0.002586218,,,0.006240781
,2.2080000E-04,5.8368000E-02,,0.012931089,,,0.009625589
,2.2080000E-04,1.5999360E+00,,0.002586218,,,0.016425403
,3.2000000E-02,1.7843200E-02,,0.002586218,,,0.024384158
,3.2000000E-04,1.3295360E-01,,0.005172435,,,0.047695622
,3.2000000E-04,2.3336640E-01,,0.002586218,,,0.000546287
,3.2000000E-04,8.1326080E-01,,0.002586218,,,0.000542173
,2.2080000E-04,9.6500160E-01,,0.002586218,,,0.012329068
,2.0352000E-03,1.0351104E+00,,0.002586218,,,0.00305108
,1.8969600E-02,4.3411200E-02,,0.007758653,,,0.009177146
,3.2000000E-04,2.8339200E-01,,0.002586218,,,0.012252133
,3.2000000E-04,3.2000000E-04,,0.002586218,,,0.043440287
,1.1264000E-03,3.2000000E-04,,0.077586532,,,0.046602931
,9.4438400E-02,4.2720000E-02,,0.02327596,,,0.006101255
,3.2000000E-04,1.2096000E-03,,0.005172435,,,0.00054371
,3.2000000E-04,1.1808000E-02,,0.002586218,,,0.000697278
,4.1369600E-02,1.3078400E-02,,0.012931089,,,0.001485097
,3.5328000E-02,9.7280000E-03,,0.010344871,,,0.002274989
,3.2000000E-04,1.2640000E-02,,0.038793266,,,0.00651344
,3.3820800E-02,9.9840000E-03,,0.018103524,,,0.008661374
,1.4793600E-01,2.1145600E-02,,0.005172435,,,0.015369149
,3.2000000E-04,2.2800000E-02,,0.002586218,,,0.014909254
,1.7664000E-03,2.6982400E-02,,0.002586218,,,0.034952767
,5.0995200E-02,3.8649600E-02,,0.005172435,,,0.070029647
,1.3862400E-01,3.3712000E-02,,0.02327596,,,0.090965237
,2.2080000E-04,8.6486400E-02,,0.002586218,,,0.000551093
,3.2000000E-04,2.1728000E-01,,0.002586218,,,0.000562996
,3.2000000E-04,2.6624000E-01,,0.002586218,,,0.000553198
,2.6112000E-03,3.8438400E-01,,0.010344871,,,0.000544553
,1.0912000E-02,4.6348800E-01,,0.005172435,,,0.035717387
,3.2000000E-04,4.4735040E-01,,0.002586218,,,0.033823241
,3.2000000E-04,1.1148800E-01,,0.002586218,,,0.105471582
,3.2000000E-04,4.8800000E-03,,0.002586218,,,0.093542431
,1.2821760E-01,1.1516800E-02,,0.002586218,,,0.265285182
,3.2000000E-04,3.9065600E-02,,0.002586218,,,0.116128499
,1.2422400E-03,5.1609600E-02,,0.002586218,,,0.003079951
,5.4511360E-03,2.2297600E-01,,0.025862177,,,0.003079951
,2.2080000E-04,7.1884800E-01,,,,,0.024866225
,3.2000000E-04,2.4166400E-01,,,,,0.05667742
,3.2000000E-04,3.6966400E-02,,,,,0.148333817
,3.2000000E-04,2.5088000E-01,,,,,0.006530517
,3.2000000E-04,1.5904000E-02,,,,,0.008407961
,2.2080000E-04,5.7638400E-02,,,,,0.01024727
,3.7600000E-03,6.1904000E-02,,,,,0.014470313
,3.2000000E-04,4.0723200E-02,,,,,0.045664274
,3.2000000E-04,4.0704000E-02,,,,,0.056317327
,5.5040000E-03,9.1264000E-02,,,,,0.000537354
,3.2000000E-04,1.4768000E-01,,,,,0.061341815
,3.2000000E-04,2.5728000E-01,,,,,0.032777851
,3.2000000E-04,3.8505600E-01,,,,,0.034577623
,2.2080000E-04,1.1187200E-02,,,,,0.078509735
,2.2080000E-04,2.6758400E-02,,,,,0.000543997
,6.0416000E-02,2.4640000E-02,,,,,0.000545804
,3.2000000E-04,3.2972800E-01,,,,,0.000530335
,1.6147200E-01,3.5040000E-03,,,,,0.000537305
,3.2000000E-04,2.3296000E-02,,,,,0.000548213
,3.2000000E-04,2.8627200E-02,,,,,0.000540983
,3.2000000E-04,3.9244800E-02,,,,,0.0008044
,2.2080000E-04,8.3558400E-02,,,,,0.015553919
,2.2080000E-04,9.9280000E-02,,,,,0.057094357
,2.2080000E-04,1.8768000E-01,,,,,0.027314545
,2.2080000E-04,3.1505280E-01,,,,,0.010696046
,2.2080000E-04,6.1568000E-01,,,,,0.03036088
,6.7200000E-03,7.0784000E-01,,,,,0.037124277
,8.5728000E-03,2.2080000E-04,,,,,0.052757487
,1.4352000E-02,9.8208000E-02,,,,,0.060046435
,9.4400000E-04,7.3632000E-02,,,,,0.314834644
,3.2000000E-04,1.1904000E-03,,,,,0.000548649
,2.1952000E-03,3.3792000E-03,,,,,0.00054484
,3.2000000E-04,1.2700800E-02,,,,,0.00055303
,3.2000000E-04,2.9452800E-02,,,,,0.000541042
,5.6160000E-03,1.5504000E-01,,,,,0.000531067
,5.8240000E-03,1.6982400E-01,,,,,0.000549615
,8.1472000E-03,1.0956800E-01,,,,,0.000550957
,6.6880000E-03,2.3228800E-01,,,,,0.000549944
,9.4336000E-03,2.7878400E-01,,,,,0.000538073
,1.3468800E-02,5.0688000E-01,,,,,0.000541129
,1.4560000E-02,5.4243200E-01,,,,,0.007246225
,1.8163200E-02,6.0867840E-01,,,,,0.032760753
,4.9920000E-03,1.7194240E+00,,,,,0.035106648
,8.2329600E-02,2.1965120E+00,,,,,0.068575697
,4.0000000E-03,1.1424000E-03,,,,,0.00053288
,6.0928000E-03,2.1472000E-03,,,,,0.000552289
,1.0987200E-01,5.2800000E-03,,,,,0.000538535
,3.2000000E-04,1.0944000E-02,,,,,0.000535265
,3.2000000E-04,1.8096000E-02,,,,,0.035935015
,7.0720000E-03,3.8489600E-02,,,,,0.058151084
,2.0592000E-02,4.4640000E-02,,,,,0.13564227
,3.2000000E-04,8.0064000E-02,,,,,0.000536376
,2.2080000E-04,1.1922880E-01,,,,,0.000545665
,3.8144000E-02,5.2256000E-01,,,,,0.000540903
,3.9168000E-01,3.5328000E-02,,,,,0.000533014
,3.2000000E-04,1.7152000E-04,,,,,0.000556267
,3.2000000E-04,1.3939200E-02,,,,,0.01252463
,1.9440000E-02,1.4256000E-02,,,,,0.000544596
,3.2000000E-04,4.4390400E-02,,,,,0.000540563
,3.2000000E-04,5.5328000E-02,,,,,0.000542011
,3.2000000E-04,5.7344000E-02,,,,,0.000543095
,1.2380800E-01,6.2176000E-02,,,,,0.000539534
,3.2000000E-04,5.5680000E-02,,,,,0.000543839
,3.2000000E-04,6.2819200E-02,,,,,0.000545912
,3.2000000E-04,5.3990400E-02,,,,,0.000547439
,3.2000000E-04,2.5728000E-02,,,,,0.000539846
,3.2000000E-04,3.9744000E-02,,,,,0.000549832
,3.9033600E-02,2.8912000E-02,,,,,0.009546204
,3.2000000E-04,3.9552000E-02,,,,,0.015569896
,6.5472000E-03,7.3539200E-02,,,,,0.000557711
,4.8128000E-03,9.0048000E-03,,,,,0.062095577
,1.2672000E-03,1.7139200E-02,,,,,0.069633972
,3.2000000E-04,6.5184000E-02,,,,,0.000536979
,2.2528000E-03,6.9484800E-02,,,,,0.022254881
,1.5840000E-02,6.4064000E-02,,,,,0.064196536
,9.7216000E-02,7.1158400E-02,,,,,0.000544505
,3.2000000E-04,2.4384000E-01,,,,,0.000548466
,3.2000000E-04,2.9568000E-03,,,,,0.00055211
,1.5104000E-03,3.5040000E-03,,,,,0.000551529
,3.2000000E-04,1.3312000E-02,,,,,0.000539423
,6.5664000E-03,1.9360000E-02,,,,,0.000544615
,3.2000000E-04,4.7040000E-02,,,,,0.000538415
,2.1008000E-02,8.4480000E-04,,,,,0.000546945
,3.3510400E-02,1.7408000E-02,,,,,0.000541258
,4.0723200E-02,3.9945600E-02,,,,,0.000548897
,2.2080000E-04,6.8198400E-02,,,,,0.000544409
,3.2000000E-04,7.2864000E-02,,,,,0.000540216
,3.2000000E-04,6.7238400E-02,,,,,0.000549879
,3.2000000E-04,2.4617600E-02,,,,,0.000548278
,3.2000000E-04,8.3200000E-04,,,,,0.001636508
,3.1645440E-03,3.5360000E-03,,,,,0.005976041
,3.2000000E-04,3.9680000E-03,,,,,0.009702452
,3.2000000E-04,1.7776000E-02,,,,,0.013354258
,5.0752000E-03,2.2048000E-02,,,,,0.021575352
,4.3904000E-03,2.7040000E-02,,,,,0.040841787
,3.2000000E-04,3.1795200E-02,,,,,0.064793004
,3.2000000E-04,2.7820800E-02,,,,,0.023281168
,3.2000000E-04,3.1334400E-02,,,,,0.084785633
,5.5680000E-03,4.5136000E-02,,,,,0.289543018
,6.0512000E-03,5.9347200E-02,,,,,0.000545714
,3.2000000E-04,5.7984000E-02,,,,,0.002853751
,3.2000000E-04,6.1504000E-02,,,,,0.021244867
,3.2000000E-04,6.5936000E-02,,,,,0.024791755
,3.2000000E-04,6.2176000E-02,,,,,0.039723859
,3.2000000E-04,6.3536000E-02,,,,,0.099985375
,1.6224000E-03,7.7299200E-02,,,,,0.201192636
,3.2000000E-04,1.0523520E-01,,,,,0.000538312
,3.2358400E-02,6.5177600E-01,,,,,0.001722844
,3.2000000E-04,3.0809600E-02,,,,,0.006710438
,3.2000000E-04,4.7219200E-02,,,,,0.032626764
,1.5897600E-01,5.1840000E-02,,,,,0.449328525
,3.2000000E-04,9.9264000E-03,,,,,0.000541189
,3.2000000E-04,2.5241600E-02,,,,,0.009155392
,1.2896000E-02,4.0857600E-02,,,,,0.011118362
,3.2000000E-04,4.3968000E-02,,,,,0.000547896
,3.2000000E-04,6.2553600E-02,,,,,0.000540462
,3.2000000E-04,1.1633920E-01,,,,,0.000544889
,3.2000000E-04,1.6588800E-02,,,,,0.000545068
,2.0640000E-03,5.0457600E-04,,,,,0.000548393
,3.2000000E-04,1.8846720E-03,,,,,0.00053887
,8.2694400E-02,1.2787200E-01,,,,,0.014072151
,3.2000000E-04,1.7286400E-01,,,,,0.056619522
,3.2000000E-04,2.1120000E-02,,,,,0.094902766
,3.2000000E-04,2.7097600E-02,,,,,0.493091871
,3.2000000E-04,2.9568000E-02,,,,,0.123603761
,3.2000000E-04,3.1856000E-02,,,,,0.149248469
,3.2000000E-04,3.8092800E-02,,,,,0.000543309
,3.2000000E-04,4.5417600E-02,,,,,0.00052861
,3.2000000E-04,5.4028800E-02,,,,,0.085570856
,3.2000000E-04,4.1452800E-02,,,,,0.122203167
,3.2000000E-04,5.8716800E-02,,,,,0.15652363
,3.2000000E-04,6.8428800E-02,,,,,0.087677104
,3.2000000E-04,7.7219200E-02,,,,,0.000532912
,3.2000000E-04,3.2000000E-04,,,,,0.000537401
,3.2000000E-04,3.2000000E-04,,,,,0.000554799
,3.2000000E-04,8.6400000E-03,,,,,0.000547332
,2.0480000E-02,9.3184000E-03,,,,,0.000541939
,3.1148800E-02,1.5552000E-02,,,,,0.000543105
,5.2224000E-02,1.6995200E-02,,,,,0.000545201
,3.2000000E-04,4.4774400E-02,,,,,0.037292883
,3.2000000E-04,5.1456000E-02,,,,,0.040571977
,3.2000000E-04,4.9088000E-02,,,,,0.053812495
,3.2000000E-04,4.9702400E-02,,,,,0.000551515
,2.2080000E-04,1.1450880E-01,,,,,0.001222332
,1.1491200E-02,1.9068800E-01,,,,,0.005848102
,7.5443200E-02,5.7388800E-02,,,,,0.000541254
,3.2000000E-04,5.8464000E-02,,,,,0.087565735
,3.2000000E-04,5.8924800E-02,,,,,0.261533033
,2.4192000E-02,5.8643200E-02,,,,,0.274030684
,3.2000000E-04,1.3491200E-02,,,,,0.000544286
,3.2000000E-04,6.0057600E-02,,,,,0.000555111
,3.2000000E-04,4.3724800E-02,,,,,0.000537157
,3.2000000E-04,2.1542400E-02,,,,,0.000536806
,3.2000000E-04,2.9363200E-02,,,,,0.000544315
,2.2080000E-04,3.5360000E-01,,,,,0.013098463
,8.2880000E-04,3.1622400E-02,,,,,0.013405448
,3.1008000E-03,1.5590400E-02,,,,,0.039190404
,3.9072000E-02,1.5859200E-02,,,,,0.000541067
,1.4386240E-01,4.9920000E-04,,,,,0.000546552
,5.0688000E-03,2.8828800E-02,,,,,0.00053904
,3.2000000E-04,4.4358400E-02,,,,,0.000546007
,3.2000000E-04,4.7606400E-02,,,,,0.001032681
,3.2000000E-04,4.9808000E-02,,,,,0.006948239
,8.9689600E-02,2.7852800E-02,,,,,0.007334147
,3.2000000E-04,9.7280000E-02,,,,,0.014940336
,2.2080000E-04,1.4227200E-02,,,,,4.05152852
,4.9795200E-02,2.3808000E-03,,,,,0.000539211
,3.2000000E-04,6.8544000E-03,,,,,0.000541239
,3.2000000E-04,3.4320000E-02,,,,,0.000738073
,3.2000000E-04,4.0969600E-02,,,,,0.007599024
,1.7369600E-01,6.2720000E-02,,,,,0.013550283
,3.2000000E-04,1.3404800E-01,,,,,0.012780399
,2.2080000E-04,1.4348800E-02,,,,,0.020133714
,1.2160000E-04,9.0227200E-02,,,,,0.025817832
,3.7632000E-03,2.4640000E-01,,,,,0.026291768
,3.4380800E-01,2.8704000E-03,,,,,0.0337201
,3.2000000E-04,3.7305600E-02,,,,,0.05429497
,3.2000000E-04,2.7417600E-01,,,,,0.063160606
,3.2000000E-04,8.8704000E-03,,,,,0.058709962
,3.2000000E-04,9.6000000E-03,,,,,0.00053359
,3.2000000E-04,4.9075200E-02,,,,,0.000543789
,3.2000000E-04,1.6972800E-01,,,,,0.00053807
,5.2832000E-02,1.9008000E-01,,,,,0.01020939
,3.2000000E-04,2.5337600E-01,,,,,0.027258233
,1.4848000E-03,2.5546240E-01,,,,,0.078882646
,8.7808000E-03,2.8672000E-01,,,,,0.000539301
,3.2000000E-04,3.3625600E-02,,,,,0.001166465
,7.8422400E-02,3.7670400E-02,,,,,0.001811781
,1.6896000E-01,3.7440000E-03,,,,,0.054402553
,3.2000000E-04,5.8016000E-03,,,,,0.000523611
,1.6896000E-03,1.7539200E-02,,,,,0.007791894
,1.9584000E-03,8.9548800E-02,,,,,0.009044308
,5.4400000E-02,1.1467520E-01,,,,,0.026019158
,2.2080000E-04,5.3222400E-01,,,,,0.028471901
,2.2080000E-04,3.2000000E-04,,,,,0.068705643
,1.8368000E-03,3.2000000E-04,,,,,0.000543942
,3.2000000E-04,3.2000000E-04,,,,,0.009479192
,3.2000000E-04,2.3370240E-03,,,,,0.015043808
,2.5555200E-01,4.0320000E-03,,,,,0.037499451
,,1.5404800E-02,,,,,0.041752568
,,3.0912000E-02,,,,,0.043546735
,,3.8489600E-02,,,,,0.071189864
,,4.4380800E-02,,,,,0.063694526
,,5.8560000E-02,,,,,0.157386192
,,1.2896000E-01,,,,,0.002361663
,,1.6755200E-01,,,,,0.003546473
,,1.7458560E-01,,,,,0.001361596
,,1.9910400E-01,,,,,0.012871569
,,2.0160000E-01,,,,,0.018462201
,,2.6937600E-01,,,,,0.000548078
,,2.8322240E-01,,,,,0.091521134
,,3.2864000E-01,,,,,0.116948679
,,3.8124800E-01,,,,,0.003048797
,,4.3635200E-01,,,,,0.021508716
,,7.7248000E-02,,,,,0.024613226
,,8.4448000E-02,,,,,0.003038298
,,2.2080000E-04,,,,,0.009138635
,,4.7884800E-02,,,,,0.000537245
,,5.0336000E-02,,,,,0.000550934
,,9.3184000E-02,,,,,0.042698771
,,4.3424000E-02,,,,,0.266609876
,,3.9449600E-01,,,,,0.000539662
,,3.2000000E-04,,,,,0.002462232
,,3.2000000E-04,,,,,0.009588951
,,1.5347200E-02,,,,,0.010906876
,,4.6876800E-02,,,,,0.012503786
,,1.2492800E-01,,,,,0.042630543
,,3.2102400E-01,,,,,0.054292593
,,3.2000000E-04,,,,,0.000546094
,,1.1404800E-02,,,,,0.000565159
,,6.5312000E-02,,,,,0.030221514
,,2.5984000E-03,,,,,0.003019184
,,3.9580800E-02,,,,,0.003019184
,,9.6854400E-02,,,,,0.049246769
,,9.4464000E-02,,,,,0.086842646
,,3.2000000E-04,,,,,0.000548213
,,3.2000000E-04,,,,,0.001522779
,,1.0053120E-01,,,,,0.001157172
,,8.3072000E-03,,,,,0.007655424
,,9.0880000E-04,,,,,0.011651792
,,2.8694400E-02,,,,,0.052792263
,,4.8796800E-01,,,,,0.060070254
,,3.2000000E-04,,,,,0.000536759
,,1.3760000E-03,,,,,0.000552258
,,1.0304000E-02,,,,,0.111511875
,,3.0832000E-02,,,,,0.142012676
,,5.1004800E-02,,,,,0.04495132
,,2.8569600E-02,,,,,0.056829055
,,1.0708800E-01,,,,,0.07693401
,,2.0838400E-01,,,,,0.009957801
,,3.2000000E-04,,,,,0.067397225
,,6.6560000E-04,,,,,0.069276747
,,1.0912000E-02,,,,,0.003822948
,,1.3516800E-02,,,,,0.004567543
,,1.5859200E-02,,,,,0.009228107
,,1.0752000E-02,,,,,0.013215604
,,5.8528000E-03,,,,,0.070556769
,,1.2521600E-01,,,,,0.086151856
,,1.5600000E-02,,,,,0.082726276
,,7.5392000E-02,,,,,0.232991039
,,1.3696000E-01,,,,,0.026066368
,,5.0556800E-01,,,,,0.005584589
,,1.0326400E-01,,,,,0.011969964
,,6.7046400E-02,,,,,0.019565377
,,6.6528000E-02,,,,,0.080587735
,,6.0086400E-02,,,,,0.017799756
,,1.0752000E-02,,,,,0.018627873
,,5.3312000E-02,,,,,0.047916157
,,8.6240000E-02,,,,,0.083318416
,,5.7536000E-03,,,,,0.087058213
,,2.9134080E-01,,,,,0.000550887
,,2.0160000E-03,,,,,0.000544837
,,5.2000000E-03,,,,,0.021417674
,,3.1516800E-02,,,,,0.034403734
,,4.0364800E-02,,,,,0.079662695
,,2.9145600E-02,,,,,0.08087185
,,5.9769600E-02,,,,,0.098358767
,,7.1295360E-01,,,,,0.134937425
,,3.1200000E-03,,,,,0.145104068
,,1.9910400E-02,,,,,0.155380053
,,1.1692800E-02,,,,,0.228425244
,,2.0697600E-02,,,,,0.003045973
,,2.8515200E-02,,,,,0.00916176
,,3.3744000E-02,,,,,0.059999159
,,4.0352000E-02,,,,,0.077106794
,,7.0272000E-02,,,,,0.013559412
,,3.2000000E-04,,,,,0.01802876
,,5.9200000E-03,,,,,0.025244324
,,2.4576000E-02,,,,,0.04455958
,,3.7068800E-02,,,,,0.050230308
,,6.0121600E-02,,,,,0.05594871
,,3.2000000E-04,,,,,0.069571257
,,3.2000000E-04,,,,,0.083682087
,,1.6384000E-03,,,,,0.179195999
,,1.2096000E-02,,,,,0.000548957
,,3.4214400E-02,,,,,0.037353601
,,3.2000000E-04,,,,,0.050861918
,,4.1931520E-01,,,,,0.000545493
,,1.7888000E-02,,,,,0.027882827
,,2.2080000E-04,,,,,0.030805395
,,1.0608640E-01,,,,,0.030847743
,,1.5030400E-01,,,,,0.032304682
,,3.1616000E-01,,,,,0.046957324
,,1.2185600E-02,,,,,0.086741959
,,2.0176000E-01,,,,,0.103362348
,,8.6329600E-02,,,,,0.009644578
,,3.6902400E-01,,,,,0.000542839
,,3.3750400E-01,,,,,0.000541868
,,6.3504000E-02,,,,,0.000534998
,,2.2726400E-01,,,,,0.000551916
,,1.0598400E-01,,,,,0.000545013
,,4.6950400E-02,,,,,0.000544497
,,4.9600000E-02,,,,,0.000543816
,,8.7360000E-02,,,,,0.000541578
,,3.6812160E-01,,,,,0.000534556
,,2.9952000E-02,,,,,0.000543336
,,5.7536000E-02,,,,,0.000547651
,,9.4796800E-02,,,,,0.000534241
,,2.1913600E-02,,,,,0.000546074
,,7.3075200E-02,,,,,0.000544969
,,1.0182400E-01,,,,,0.000552647
,,2.2643200E-01,,,,,0.000547344
,,5.3222400E-02,,,,,0.000542415
,,9.8560000E-03,,,,,0.00053379
,,1.2368768E+00,,,,,0.001715752
,,4.9420800E-02,,,,,0.151312248
,,1.1188800E-01,,,,,0.000547236
,,1.1075840E-01,,,,,0.000544342
,,2.6796800E-01,,,,,0.013099974
,,9.9993600E-02,,,,,0.000547036
,,3.1353600E-01,,,,,0.000548181
,,3.6547200E-02,,,,,0.087294956
,,8.9856000E-02,,,,,0.005684856
,,1.0713600E-02,,,,,0.000546573
,,1.7347200E-02,,,,,0.000548947
,,5.2451200E-02,,,,,0.011791352
,,2.6156800E-02,,,,,0.032995689
,,1.2096000E-02,,,,,0.073781487
,,1.5225600E-02,,,,,0.000541505
,,4.5913600E-02,,,,,0.000547088
,,4.1593600E-01,,,,,0.000551381
,,1.9902720E+00,,,,,0.000546247
,,2.4009600E-02,,,,,0.0005407
,,2.8044000E+00,,,,,0.002032176
,,9.9665280E-01,,,,,0.008223288
,,7.3382400E-01,,,,,0.022299698
,,4.9920000E-03,,,,,0.032428572
,,6.0288000E-02,,,,,0.037011746
,,3.2000000E-04,,,,,0.038055414
,,4.6464000E-03,,,,,0.159330396
,,1.8240000E-02,,,,,0.230199185
,,2.5110400E-02,,,,,0.000546092
,,3.0992000E-02,,,,,0.000554568
,,1.2268800E-01,,,,,0.000545776
,,6.5392000E-02,,,,,0.000541273
,,3.8860800E-02,,,,,0.000544772
,,9.1123200E-02,,,,,0.000543963
,,7.1136000E-02,,,,,0.000555005
,,7.1904000E-02,,,,,0.000548933
,,2.4984960E+00,,,,,0.000549552
,,8.2368000E-02,,,,,0.000546684
,,1.1110400E-02,,,,,0.000542965
,,5.8528000E-02,,,,,0.000981623
,,9.1616000E-02,,,,,0.001115056
,,1.1901120E+00,,,,,0.0015975
,,7.1443200E-02,,,,,0.001982531
,,2.3236800E-01,,,,,0.00827488
,,4.7394560E-01,,,,,0.008066406
,,8.2656000E-02,,,,,0.009438643
,,,,,,,0.00975597
,,,,,,,0.009387376
,,,,,,,0.010392775
,,,,,,,0.01037225
,,,,,,,0.010926898
,,,,,,,0.014675827
,,,,,,,0.015508062
,,,,,,,0.016342394
,,,,,,,0.021853764
,,,,,,,0.019374486
,,,,,,,0.025430019
,,,,,,,0.026489922
,,,,,,,0.027532781
,,,,,,,0.032085348
,,,,,,,0.068475644
,,,,,,,0.073343816
,,,,,,,0.075490434
,,,,,,,0.1065335
,,,,,,,0.110705274
,,,,,,,0.111786528
,,,,,,,0.126234307
,,,,,,,0.1408003
,,,,,,,0.000480369
,,,,,,,0.000488447
,,,,,,,0.000479532
,,,,,,,0.000475195
,,,,,,,0.000477417
,,,,,,,0.000489062
,,,,,,,0.000477918
,,,,,,,0.000491071
,,,,,,,0.000483226
,,,,,,,0.000484945
,,,,,,,0.000483715
,,,,,,,0.000644791
,,,,,,,0.000648262
,,,,,,,0.000641394
,,,,,,,0.000757561
,,,,,,,0.000872317
,,,,,,,0.001077649
,,,,,,,0.001429899
,,,,,,,0.001768594
,,,,,,,0.002144018
,,,,,,,0.002120911
,,,,,,,0.002194634
,,,,,,,0.003279556
,,,,,,,0.003075102
,,,,,,,0.003581339
,,,,,,,0.00404664
,,,,,,,0.003994242
,,,,,,,0.00466736
,,,,,,,0.004151474
,,,,,,,0.005190137
,,,,,,,0.006395633
,,,,,,,0.007855305
,,,,,,,0.00814792
,,,,,,,0.008754272
,,,,,,,0.011554191
,,,,,,,0.013673183
,,,,,,,0.014389432
,,,,,,,0.01330743
,,,,,,,0.015335481
,,,,,,,0.015467627
,,,,,,,0.017342509
,,,,,,,0.019348899
,,,,,,,0.022558936
,,,,,,,0.02442531
,,,,,,,0.028581063
,,,,,,,0.029447545
,,,,,,,0.028373756
,,,,,,,0.032271114
,,,,,,,0.036320899
,,,,,,,0.045944627
,,,,,,,0.045979709
,,,,,,,0.055808735
,,,,,,,0.061475935
,,,,,,,0.078847947
,,,,,,,0.080979909
,,,,,,,0.106214856
,,,,,,,0.110184414
,,,,,,,0.103817422
,,,,,,,0.111129499
,,,,,,,0.178699837
,,,,,,,0.273213369
,,,,,,,0.283226037
,,,,,,,0.65146419
